cust_id,lookalikes,product_recommendations
C0011,"[('C0135', 0.9999983954284615), ('C0145', 0.9999983792573136), ('C0173', 0.9999983757826375)]","[('P046', 7.0), ('P023', 4.0), ('P028', 4.0)]"
